Title,Price
Karta graficzna Gigabyte GeForce RTX 3060 Eagle OC 12GB GDDR6 (GV-N3060EAGLE OC-12GD 2.0),"1 687,70 zł"
Karta graficzna Gigabyte GeForce RTX 3060 Eagle OC 12GB GDDR6 (GV-N3060EAGLE OC-12GD 2.0),"1 687,70 zł"
Karta graficzna Gigabyte GeForce RTX 3070 Ti Gaming OC 8GB GDDR6X (GV-N307TGAMING OC-8GD),"1 687,70 zł"
Karta graficzna Gigabyte GeForce RTX 3070 Ti Gaming OC 8GB GDDR6X (GV-N307TGAMING OC-8GD),"1 687,70 zł"
Karta graficzna Gigabyte GeForce RTX 4090 Gaming OC 24 GB GDDR6X (GV-N4090GAMING OC-24GD),"1 687,70 zł"
Karta graficzna Gigabyte GeForce RTX 4090 Gaming OC 24 GB GDDR6X (GV-N4090GAMING OC-24GD),"1 687,70 zł"
Karta graficzna Power Color Radeon RX 6700XT Hellhound 12GB GDDR6 (AXRX 6700XT 12GBD6-3DHL),"1 687,70 zł"
Karta graficzna Power Color Radeon RX 6700XT Hellhound 12GB GDDR6 (AXRX 6700XT 12GBD6-3DHL),"1 687,70 zł"
Karta graficzna AMD Radeon RX 6950 XT 16GB GDDR6 (100-438416),"1 687,70 zł"
Karta graficzna AMD Radeon RX 6950 XT 16GB GDDR6 (100-438416),"1 687,70 zł"
Karta graficzna Gigabyte GeForce RTX 3060 Gaming OC 12G (GV-N3060GAMING OC-12GD 2.0),"1 687,70 zł"
Karta graficzna Gigabyte GeForce RTX 3060 Gaming OC 12G (GV-N3060GAMING OC-12GD 2.0),"1 687,70 zł"
Karta graficzna Gainward GeForce RTX 3060Ti Ghost 8GB GDDR6 (471056224-2270),"1 687,70 zł"
Karta graficzna Gainward GeForce RTX 3060Ti Ghost 8GB GDDR6 (471056224-2270),"1 687,70 zł"
Karta graficzna MSI GeForce GTX 1660 SUPER Ventus XS OC 6GB GDDR6 (GTX 1660 SUPER VENTUS XS 6G OC),"1 687,70 zł"
Karta graficzna MSI GeForce GTX 1660 SUPER Ventus XS OC 6GB GDDR6 (GTX 1660 SUPER VENTUS XS 6G OC),"1 687,70 zł"
Karta graficzna XFX Speedster MERC 319 Radeon RX 6950 XT 16GB GDDR6 (RX-695XATBD9),"1 687,70 zł"
Karta graficzna XFX Speedster MERC 319 Radeon RX 6950 XT 16GB GDDR6 (RX-695XATBD9),"1 687,70 zł"
Karta graficzna Gainward GeForce RTX 3060 Pegasus 8GB GDDR6 (471056224-3451),"1 687,70 zł"
Karta graficzna Gainward GeForce RTX 3060 Pegasus 8GB GDDR6 (471056224-3451),"1 687,70 zł"
Karta graficzna Gigabyte GeForce RTX 3060 Ti Eagle OC 8GB GDDR6 (GV-N306TEAGLE OC-8GD 2.0),"1 687,70 zł"
Karta graficzna Gigabyte GeForce RTX 3060 Ti Eagle OC 8GB GDDR6 (GV-N306TEAGLE OC-8GD 2.0),"1 687,70 zł"
Karta graficzna Gigabyte GeForce GTX 1660 SUPER 6GB GDDR6 (GV-N166SD6-6GD),"1 687,70 zł"
Karta graficzna Gigabyte GeForce GTX 1660 SUPER 6GB GDDR6 (GV-N166SD6-6GD),"1 687,70 zł"
Karta graficzna Asus Dual GeForce RTX 3060 Gaming OC 12GB GDDR6 (DUAL-RTX3060-O12G-V2),"1 687,70 zł"
Karta graficzna Asus Dual GeForce RTX 3060 Gaming OC 12GB GDDR6 (DUAL-RTX3060-O12G-V2),"1 687,70 zł"
Karta graficzna Asus Dual Radeon RX 6650 XT OC 8GB GDDR6 (DUAL-RX6650XT-O8G),"1 687,70 zł"
Karta graficzna Asus Dual Radeon RX 6650 XT OC 8GB GDDR6 (DUAL-RX6650XT-O8G),"1 687,70 zł"
Karta graficzna Asus Dual GeForce RTX 2060 Gaming Evo 6GB GDDR6 (DUAL-RTX2060-6G-EVO),"1 687,70 zł"
Karta graficzna Asus Dual GeForce RTX 2060 Gaming Evo 6GB GDDR6 (DUAL-RTX2060-6G-EVO),"1 687,70 zł"
Karta graficzna Gainward GeForce RTX 3060 Ghost 12GB GDDR6 (471056224-2430),"1 687,70 zł"
Karta graficzna Gainward GeForce RTX 3060 Ghost 12GB GDDR6 (471056224-2430),"1 687,70 zł"
Karta graficzna MSI GeForce RTX 3060 Ti Ventus 2X OCV1 8GB GDDR6 (RTX 3060 Ti VENTUS 2X OCV1 LHR),"1 687,70 zł"
Karta graficzna MSI GeForce RTX 3060 Ti Ventus 2X OCV1 8GB GDDR6 (RTX 3060 Ti VENTUS 2X OCV1 LHR),"1 687,70 zł"
Karta graficzna MSI GeForce RTX 3060 Ventus x2 OC 12GB GDDR6 (RTX 3060 VENTUS 2X 12G OC),"1 687,70 zł"
Karta graficzna MSI GeForce RTX 3060 Ventus x2 OC 12GB GDDR6 (RTX 3060 VENTUS 2X 12G OC),"1 687,70 zł"
Karta graficzna PNY GeForce RTX3070 Ti XLR8 Gaming Revel 8GB GDDR6 (VCG3070T8TFXPPB),"1 687,70 zł"
Karta graficzna PNY GeForce RTX3070 Ti XLR8 Gaming Revel 8GB GDDR6 (VCG3070T8TFXPPB),"1 687,70 zł"
Karta graficzna Gigabyte GeForce RTX 3070 Gaming OC 8GB GDDR6 (GV-N3070GAMING OC-8GD),"1 687,70 zł"
Karta graficzna Gigabyte GeForce RTX 3070 Gaming OC 8GB GDDR6 (GV-N3070GAMING OC-8GD),"1 687,70 zł"
Karta graficzna MSI GeForce GTX 1660 SUPER Gaming X 6GB GDDR6 (GTX 1660 SUPER GAMING X),"1 687,70 zł"
Karta graficzna MSI GeForce GTX 1660 SUPER Gaming X 6GB GDDR6 (GTX 1660 SUPER GAMING X),"1 687,70 zł"
Karta graficzna Gigabyte GeForce RTX 3070 Eagle OC 8GB GDDR6 (GV-N3070EAGLE OC-8GD 2.0),"1 687,70 zł"
Karta graficzna Gigabyte GeForce RTX 3070 Eagle OC 8GB GDDR6 (GV-N3070EAGLE OC-8GD 2.0),"1 687,70 zł"
Karta graficzna Asus Phoenix GeForce GT 1030 OC 2GB GDDR5 (PH-GT1030-O2G),"1 687,70 zł"
Karta graficzna Asus Phoenix GeForce GT 1030 OC 2GB GDDR5 (PH-GT1030-O2G),"1 687,70 zł"
Karta graficzna Gigabyte Radeon RX 6600 Eagle 8GB GDDR6 (GV-R66EAGLE-8GD),"1 687,70 zł"
Karta graficzna Gigabyte Radeon RX 6600 Eagle 8GB GDDR6 (GV-R66EAGLE-8GD),"1 687,70 zł"
Karta graficzna Gigabyte GeForce GT 1030 Silent Low Profile 2GB GDDR5 (GV-N1030SL-2GL),"1 687,70 zł"
Karta graficzna Gigabyte GeForce GT 1030 Silent Low Profile 2GB GDDR5 (GV-N1030SL-2GL),"1 687,70 zł"
Karta graficzna Gigabyte GeForce RTX 3060 Vision OC 12GB GDDR6 (GV-N3060VISION OC-12GD 2.0),"1 687,70 zł"
Karta graficzna Gigabyte GeForce RTX 3060 Vision OC 12GB GDDR6 (GV-N3060VISION OC-12GD 2.0),"1 687,70 zł"
Karta graficzna MSI GeForce RTX 3070 Ti Gaming X Trio 8GB GDDR6X (RTX 3070 Ti GAMING X TRIO 8G),"1 687,70 zł"
Karta graficzna MSI GeForce RTX 3070 Ti Gaming X Trio 8GB GDDR6X (RTX 3070 Ti GAMING X TRIO 8G),"1 687,70 zł"
Karta graficzna MSI GeForce GTX 1650 D6 Ventus XS OC V1 4GB GDDR6 (GTX 1650 D6 VENTUS XS OCV1),"1 687,70 zł"
Karta graficzna MSI GeForce GTX 1650 D6 Ventus XS OC V1 4GB GDDR6 (GTX 1650 D6 VENTUS XS OCV1),"1 687,70 zł"
Karta graficzna Palit GeForce RTX 3060 Dual 12GB GDDR6 (NE63060019K9-190AD),"1 687,70 zł"
Karta graficzna Palit GeForce RTX 3060 Dual 12GB GDDR6 (NE63060019K9-190AD),"1 687,70 zł"
Karta graficzna Palit GeForce RTX 3060 Ti Dual 8GB GDDR6 LHR (NE6306T019P2-190AD),"1 687,70 zł"
Karta graficzna Palit GeForce RTX 3060 Ti Dual 8GB GDDR6 LHR (NE6306T019P2-190AD),"1 687,70 zł"
Karta graficzna Gigabyte GeForce RTX 3060Ti Vision OC 8GB GDDR6 (GV-N306TVISION OC-8GD),"2 445,84 zł"
Karta graficzna Gigabyte GeForce RTX 3060Ti Vision OC 8GB GDDR6 (GV-N306TVISION OC-8GD),"2 445,84 zł"
Karta graficzna Gigabyte Aorus GeForce RTX 3070 Ti Master 8GB GDDR6X (GV-N307TAORUS M-8GD),"2 445,84 zł"
Karta graficzna Gigabyte Aorus GeForce RTX 3070 Ti Master 8GB GDDR6X (GV-N307TAORUS M-8GD),"2 445,84 zł"
Karta graficzna KFA2 GeForce RTX 3060 1-Click OC 12GB GDDR6 (36NOL7MD1VOK),"2 445,84 zł"
Karta graficzna KFA2 GeForce RTX 3060 1-Click OC 12GB GDDR6 (36NOL7MD1VOK),"2 445,84 zł"
Karta graficzna XFX Radeon RX 6600 Speedster SWFT 210 Core Gaming 8GB GDDR6 (RX-66XL8LFDQ),"2 445,84 zł"
Karta graficzna XFX Radeon RX 6600 Speedster SWFT 210 Core Gaming 8GB GDDR6 (RX-66XL8LFDQ),"2 445,84 zł"
Karta graficzna Sapphire Pulse Radeon 6600 8GB GDDR6 (11310-01-20G),"2 445,84 zł"
Karta graficzna Sapphire Pulse Radeon 6600 8GB GDDR6 (11310-01-20G),"2 445,84 zł"
Karta graficzna Gigabyte GeForce GT 730 2GB GDDR5 (GV-N730D5-2GL),"2 445,84 zł"
Karta graficzna Gigabyte GeForce GT 730 2GB GDDR5 (GV-N730D5-2GL),"2 445,84 zł"
Karta graficzna Biostar Radeon RX 560 Gaming OC 4GB GDDR5 (VA5615RF41-TBE1A-BS2),"2 445,84 zł"
Karta graficzna Biostar Radeon RX 560 Gaming OC 4GB GDDR5 (VA5615RF41-TBE1A-BS2),"2 445,84 zł"
Karta graficzna Gigabyte GeForce RTX 4070 Ti Gaming OC 12GB GDDR6X (GV-N407TGAMING OC-12GD),"2 445,84 zł"
Karta graficzna Gigabyte GeForce RTX 4070 Ti Gaming OC 12GB GDDR6X (GV-N407TGAMING OC-12GD),"2 445,84 zł"
Karta graficzna Zotac GeForce RTX 3060 Twin Edge OC 12GB GDDR6 (ZT-A30600H-10M),"2 445,84 zł"
Karta graficzna Zotac GeForce RTX 3060 Twin Edge OC 12GB GDDR6 (ZT-A30600H-10M),"2 445,84 zł"
Karta graficzna Gigabyte GeForce GTX 1650 D6 OC Low Profile 4GB GDDR6 (GV-N1656OC-4GL),"2 445,84 zł"
Karta graficzna Gigabyte GeForce GTX 1650 D6 OC Low Profile 4GB GDDR6 (GV-N1656OC-4GL),"2 445,84 zł"
Karta graficzna Asus TUF GeForce GTX 1660 Ti Gaming Evo OC 6GB GDDR6 (TUF-GTX1660TI-O6G-EVO-GAMING),"2 445,84 zł"
Karta graficzna Asus TUF GeForce GTX 1660 Ti Gaming Evo OC 6GB GDDR6 (TUF-GTX1660TI-O6G-EVO-GAMING),"2 445,84 zł"
Karta graficzna Zotac GeForce RTX 3060 AMP White Edition 12GB GDDR6 (ZT-A30600F-10P),"2 445,84 zł"
Karta graficzna Zotac GeForce RTX 3060 AMP White Edition 12GB GDDR6 (ZT-A30600F-10P),"2 445,84 zł"
Karta graficzna Gainward GeForce RTX 4080 Phantom GS 16GB GDDR6X (471056224-3499),"2 445,84 zł"
Karta graficzna Gainward GeForce RTX 4080 Phantom GS 16GB GDDR6X (471056224-3499),"2 445,84 zł"
Karta graficzna Gainward GeForce GTX 1650 D6 Ghost 4GB GDDR6 (471056224-1808),"2 445,84 zł"
Karta graficzna Gainward GeForce GTX 1650 D6 Ghost 4GB GDDR6 (471056224-1808),"2 445,84 zł"
Karta graficzna MSI Radeon RX 6500 XT Mech X2 OC 4GB GDDR6 (RX 6500 XT MECH 2X 4G OC),"2 445,84 zł"
Karta graficzna MSI Radeon RX 6500 XT Mech X2 OC 4GB GDDR6 (RX 6500 XT MECH 2X 4G OC),"2 445,84 zł"
Karta graficzna Gigabyte GeForce RTX 3050 Eagle 8GB GDDR6 (GV-N3050EAGLE-8GD),"2 445,84 zł"
Karta graficzna Gigabyte GeForce RTX 3050 Eagle 8GB GDDR6 (GV-N3050EAGLE-8GD),"2 445,84 zł"
Karta graficzna Asus TUF Gaming GeForce RTX 3060 Ti OC 8GB GDDR6X (TUF-RTX3060TI-O8GD6X-GAMING),"2 445,84 zł"
Karta graficzna Asus TUF Gaming GeForce RTX 3060 Ti OC 8GB GDDR6X (TUF-RTX3060TI-O8GD6X-GAMING),"2 445,84 zł"
Karta graficzna Gigabyte GeForce GTX 1650 OC Low Profile 4GB GDDR5 (GV-N1650OC-4GL),"2 445,84 zł"
Karta graficzna Gigabyte GeForce GTX 1650 OC Low Profile 4GB GDDR5 (GV-N1650OC-4GL),"2 445,84 zł"
Karta graficzna Zotac GeForce RTX 3060 Ti Twin Edge OC LHR 8GB GDDR6 (ZT-A30610H-10MLHR),"2 445,84 zł"
Karta graficzna Zotac GeForce RTX 3060 Ti Twin Edge OC LHR 8GB GDDR6 (ZT-A30610H-10MLHR),"2 445,84 zł"
Karta graficzna Palit GeForce RTX 3060 Dual OC 12GB GDDR6 (NE63060T19K9-190AD),"2 445,84 zł"
Karta graficzna Palit GeForce RTX 3060 Dual OC 12GB GDDR6 (NE63060T19K9-190AD),"2 445,84 zł"
Karta graficzna Palit GeForce GTX 1650 Storm X 4GB GDDR5 (NE51650006G1-1170F),"2 445,84 zł"
Karta graficzna Palit GeForce GTX 1650 Storm X 4GB GDDR5 (NE51650006G1-1170F),"2 445,84 zł"
Karta graficzna Gigabyte GeForce RTX 3060 Ti GAMING OC 8GB GDDR6X (GV-N306TXGAMING OC-8GD),"2 445,84 zł"
Karta graficzna Gigabyte GeForce RTX 3060 Ti GAMING OC 8GB GDDR6X (GV-N306TXGAMING OC-8GD),"2 445,84 zł"
Karta graficzna Sapphire Radeon RX 6700 XT Pulse Gaming 12GB GDDR6 (11306-02-20G),"2 445,84 zł"
Karta graficzna Sapphire Radeon RX 6700 XT Pulse Gaming 12GB GDDR6 (11306-02-20G),"2 445,84 zł"
Karta graficzna Inno3D GeForce RTX 3060Ti Twin X2 OC 8GB GDDR6 (N306T2-08D6X-119032DH),"2 445,84 zł"
Karta graficzna Inno3D GeForce RTX 3060Ti Twin X2 OC 8GB GDDR6 (N306T2-08D6X-119032DH),"2 445,84 zł"
Karta graficzna Gigabyte GeForce GT 710 2GB GDDR5 (GV-N710D5-2GIL),"2 445,84 zł"
Karta graficzna Gigabyte GeForce GT 710 2GB GDDR5 (GV-N710D5-2GIL),"2 445,84 zł"
Karta graficzna ASRock Radeon RX 6600 Challenger D 8GB GDDR6 (RX6600 CLD 8G),"2 445,84 zł"
Karta graficzna ASRock Radeon RX 6600 Challenger D 8GB GDDR6 (RX6600 CLD 8G),"2 445,84 zł"
Karta graficzna Asus GeForce RTX 3070 TUF 8GB OC V2 (TUF-RTX3070-O8G-V2-GAMING),"2 445,84 zł"
Karta graficzna Asus GeForce RTX 3070 TUF 8GB OC V2 (TUF-RTX3070-O8G-V2-GAMING),"2 445,84 zł"
Karta graficzna Palit GeForce RTX 3070 Ti GamingPro OC 8GB GDDR6X (NED307T019P2-1046A),"2 445,84 zł"
Karta graficzna Palit GeForce RTX 3070 Ti GamingPro OC 8GB GDDR6X (NED307T019P2-1046A),"2 445,84 zł"
Karta graficzna MSI GeForce RTX 3070 Ti Ventus 3X OC 8GB GDDR6X (RTX 3070 Ti VENTUS 3X),"2 445,84 zł"
Karta graficzna MSI GeForce RTX 3070 Ti Ventus 3X OC 8GB GDDR6X (RTX 3070 Ti VENTUS 3X),"2 445,84 zł"
Karta graficzna Gigabyte Radeon RX 6900 XT Gaming OC 16GB GDDR6 (GV-R69XTGAMING OC-16GD),"2 445,84 zł"
Karta graficzna Gigabyte Radeon RX 6900 XT Gaming OC 16GB GDDR6 (GV-R69XTGAMING OC-16GD),"2 445,84 zł"
Karta graficzna Gigabyte GeForce RTX 4070 Ti Aero OC 12GB GDDR6X (GV-N407TAERO OC-12GD),"4 400,20 zł"
Karta graficzna Gigabyte GeForce RTX 4070 Ti Aero OC 12GB GDDR6X (GV-N407TAERO OC-12GD),"4 400,20 zł"
Karta graficzna Power Color Radeon RX 6600 Fighter 8GB GDDR6 (AXRX 6600 8GBD6-3DH),"4 400,20 zł"
Karta graficzna Power Color Radeon RX 6600 Fighter 8GB GDDR6 (AXRX 6600 8GBD6-3DH),"4 400,20 zł"
Karta graficzna Manli GeForce RTX 3070 Ti 8GB GDDR6X (M3514+N651-03),"4 400,20 zł"
Karta graficzna Manli GeForce RTX 3070 Ti 8GB GDDR6X (M3514+N651-03),"4 400,20 zł"
Karta graficzna Asus Phoenix Radeon RX 550 Evo 4GB GDDR5 (PH-RX550-4G-EVO),"4 400,20 zł"
Karta graficzna Asus Phoenix Radeon RX 550 Evo 4GB GDDR5 (PH-RX550-4G-EVO),"4 400,20 zł"
Karta graficzna Gainward GeForce RTX 3050 Ghost 8GB GDDR6 (471056224-3222),"4 400,20 zł"
Karta graficzna Gainward GeForce RTX 3050 Ghost 8GB GDDR6 (471056224-3222),"4 400,20 zł"
Karta graficzna Sapphire Radeon RX 6500 XT Pulse 4GB GDDR6 (11314-01-20G),"4 400,20 zł"
Karta graficzna Sapphire Radeon RX 6500 XT Pulse 4GB GDDR6 (11314-01-20G),"4 400,20 zł"
Karta graficzna Asus Dual GeForce RTX 3060 Ti V2 Mini OC 8GB GDDR6 (DUAL-RTX3060TI-O8G-MINI-V2),"4 400,20 zł"
Karta graficzna Asus Dual GeForce RTX 3060 Ti V2 Mini OC 8GB GDDR6 (DUAL-RTX3060TI-O8G-MINI-V2),"4 400,20 zł"
Karta graficzna Asus Dual GeForce RTX 3070 Gaming OC 8GB GDDR6 (DUAL-RTX3070-O8G-V2),"4 400,20 zł"
Karta graficzna Asus Dual GeForce RTX 3070 Gaming OC 8GB GDDR6 (DUAL-RTX3070-O8G-V2),"4 400,20 zł"
Karta graficzna Gigabyte GeForce RTX 4070 WindForce OC 12GB GDDR6X (GV-N4070WF3OC-12GD),"4 400,20 zł"
Karta graficzna Gigabyte GeForce RTX 4070 WindForce OC 12GB GDDR6X (GV-N4070WF3OC-12GD),"4 400,20 zł"
Karta graficzna Gigabyte GeForce RTX 4070 Ti Eagle OC 12GB GDDR6X (GV-N407TEAGLE OC-12GD),"4 400,20 zł"
Karta graficzna Gigabyte GeForce RTX 4070 Ti Eagle OC 12GB GDDR6X (GV-N407TEAGLE OC-12GD),"4 400,20 zł"
Karta graficzna Gigabyte GeForce RTX 4080 Gaming OC 16GB GDDR6X (GV-N4080GAMING OC-16GD),"4 400,20 zł"
Karta graficzna Gigabyte GeForce RTX 4080 Gaming OC 16GB GDDR6X (GV-N4080GAMING OC-16GD),"4 400,20 zł"
Karta graficzna MSI GeForce RTX 4080 Gaming X Trio 16GB GDDR6X (RTX 4080 16 Gaming X Trio),"4 400,20 zł"
Karta graficzna MSI GeForce RTX 4080 Gaming X Trio 16GB GDDR6X (RTX 4080 16 Gaming X Trio),"4 400,20 zł"
Karta graficzna MSI GeForce RTX 4080 Suprim X 16GB GDDR6X (RTX 4080 16GB SUPRIM X),"4 400,20 zł"
Karta graficzna MSI GeForce RTX 4080 Suprim X 16GB GDDR6X (RTX 4080 16GB SUPRIM X),"4 400,20 zł"
Karta graficzna Asus ROG Strix GeForce RTX 4090 OC Edition 24GB GDDR6X (ROG-STRIX-RTX4090-O24G-GAMING),"4 400,20 zł"
Karta graficzna Asus ROG Strix GeForce RTX 4090 OC Edition 24GB GDDR6X (ROG-STRIX-RTX4090-O24G-GAMING),"4 400,20 zł"
Karta graficzna Sapphire Radeon RX 6750 XT Nitro+ 12GB GDDR6 (11318-01-20G),"4 400,20 zł"
Karta graficzna Sapphire Radeon RX 6750 XT Nitro+ 12GB GDDR6 (11318-01-20G),"4 400,20 zł"
Karta graficzna Biostar Radeon RX 6600 XT 8GB GDDR6 (VA66T6TM81),"4 400,20 zł"
Karta graficzna Biostar Radeon RX 6600 XT 8GB GDDR6 (VA66T6TM81),"4 400,20 zł"
Karta graficzna Palit GeForce GTX 1650 D6 GamingPro 4GB GDDR6 (NE6165001BG1-1175A),"4 400,20 zł"
Karta graficzna Palit GeForce GTX 1650 D6 GamingPro 4GB GDDR6 (NE6165001BG1-1175A),"4 400,20 zł"
Karta graficzna Sapphire Radeon RX 6650 XT Pulse Gaming OC 8GB GDDR6 (11319-03-20G),"4 400,20 zł"
Karta graficzna Sapphire Radeon RX 6650 XT Pulse Gaming OC 8GB GDDR6 (11319-03-20G),"4 400,20 zł"
Karta graficzna Zotac GeForce RTX 3060 Twin Edge 12GB GDDR6 (ZT-A30600E-10M),"4 400,20 zł"
Karta graficzna Zotac GeForce RTX 3060 Twin Edge 12GB GDDR6 (ZT-A30600E-10M),"4 400,20 zł"
Karta graficzna Zotac GeForce RTX 3060 Ti Twin Edge 8GB GDDR6 (ZT-A30610E-10MLHR),"4 400,20 zł"
Karta graficzna Zotac GeForce RTX 3060 Ti Twin Edge 8GB GDDR6 (ZT-A30610E-10MLHR),"4 400,20 zł"
Karta graficzna Gigabyte GeForce RTX 3070 Eagle 8GB GDDR6 (GV-N3070EAGLE-8GD 2.0),"4 400,20 zł"
Karta graficzna Gigabyte GeForce RTX 3070 Eagle 8GB GDDR6 (GV-N3070EAGLE-8GD 2.0),"4 400,20 zł"
Karta graficzna Zotac GeForce RTX 3060 Ti Twin Edge 8GB GDDR6X (ZT-A30620E-10P),"4 400,20 zł"
Karta graficzna Zotac GeForce RTX 3060 Ti Twin Edge 8GB GDDR6X (ZT-A30620E-10P),"4 400,20 zł"
Karta graficzna Gigabyte Aorus GeForce RTX 4070 Ti Master 12GB GDDR6X (GV-N407TAORUS M-12GD),"4 400,20 zł"
Karta graficzna Gigabyte Aorus GeForce RTX 4070 Ti Master 12GB GDDR6X (GV-N407TAORUS M-12GD),"4 400,20 zł"
Karta graficzna Gigabyte GeForce RTX 4080 Eagle OC 16GB GDDR6X (GV-N4080EAGLE OC-16GD),"4 400,20 zł"
Karta graficzna Gigabyte GeForce RTX 4080 Eagle OC 16GB GDDR6X (GV-N4080EAGLE OC-16GD),"4 400,20 zł"
Karta graficzna Zotac Gaming GeForce RTX 4090 Trinity 24GB GDDR6X (ZT-D40900D-10P),"4 400,20 zł"
Karta graficzna Zotac Gaming GeForce RTX 4090 Trinity 24GB GDDR6X (ZT-D40900D-10P),"4 400,20 zł"
Karta graficzna Asus TUF Gaming GeForce RTX 4090 OC Edition 24GB GDDR6X (TUF-RTX4090-O24G-GAMING),"4 400,20 zł"
Karta graficzna Asus TUF Gaming GeForce RTX 4090 OC Edition 24GB GDDR6X (TUF-RTX4090-O24G-GAMING),"4 400,20 zł"
Karta graficzna Power Color Radeon RX 6800 XT Red Dragon OC 16GB GDDR6 (AXRX 6800XT 16GBD6-3DHR/OC),"4 400,20 zł"
Karta graficzna Power Color Radeon RX 6800 XT Red Dragon OC 16GB GDDR6 (AXRX 6800XT 16GBD6-3DHR/OC),"4 400,20 zł"
Karta graficzna ASRock Radeon RX 6500 XT Phantom Gaming D OC 4GB GDDR6 (RX6500XT PGD 4GO),"4 400,20 zł"
Karta graficzna ASRock Radeon RX 6500 XT Phantom Gaming D OC 4GB GDDR6 (RX6500XT PGD 4GO),"4 400,20 zł"
Karta graficzna Asus TUF Gaming GeForce GTX 1650 OC V2 4GB GDDR6 (TUF-GTX1650-O4GD6-P-V2-GAMING),"4 400,20 zł"
Karta graficzna Asus TUF Gaming GeForce GTX 1650 OC V2 4GB GDDR6 (TUF-GTX1650-O4GD6-P-V2-GAMING),"4 400,20 zł"
Karta graficzna Gainward GeForce GTX 1650 Pegasus 4GB GDDR5 (471056224-2959),"4 400,20 zł"
Karta graficzna Gainward GeForce GTX 1650 Pegasus 4GB GDDR5 (471056224-2959),"4 400,20 zł"
Karta graficzna Zotac GeForce RTX 3060 Twin Edge 8GB GDDR6 (ZT-A30630E-10M),"1 590,03 zł"
Karta graficzna Zotac GeForce RTX 3060 Twin Edge 8GB GDDR6 (ZT-A30630E-10M),"1 590,03 zł"
Karta graficzna Asus Dual GeForce RTX 3060 Ti OC 8GB GDDR6X (DUAL-RTX3060TI-O8GD6X),"1 590,03 zł"
Karta graficzna Asus Dual GeForce RTX 3060 Ti OC 8GB GDDR6X (DUAL-RTX3060TI-O8GD6X),"1 590,03 zł"
Karta graficzna Gigabyte Aorus Radeon RX 6750 XT Elite 12GB GDDR6 (GV-R675XTAORUS E-12GD),"1 590,03 zł"
Karta graficzna Gigabyte Aorus Radeon RX 6750 XT Elite 12GB GDDR6 (GV-R675XTAORUS E-12GD),"1 590,03 zł"
Karta graficzna XFX Radeon RX 6750 XT Speedster MERC 319 12GB GDDR6 (RX-675XYTBDP),"1 590,03 zł"
Karta graficzna XFX Radeon RX 6750 XT Speedster MERC 319 12GB GDDR6 (RX-675XYTBDP),"1 590,03 zł"
Karta graficzna Biostar Radeon RX 6600 8GB GDDR6 (VA6606RM81-ABHRH-BS2),"1 590,03 zł"
Karta graficzna Biostar Radeon RX 6600 8GB GDDR6 (VA6606RM81-ABHRH-BS2),"1 590,03 zł"
Karta graficzna ASRock Radeon RX 6700 XT Challenger D OC 12GB GDDR6 (RX6700XT CLD 12GO),"1 590,03 zł"
Karta graficzna ASRock Radeon RX 6700 XT Challenger D OC 12GB GDDR6 (RX6700XT CLD 12GO),"1 590,03 zł"
Karta graficzna XFX Radeon RX 6800 XT Speedster MERC 319 Core 16GB GDDR6 (RX-68XTALFD9),"1 590,03 zł"
Karta graficzna XFX Radeon RX 6800 XT Speedster MERC 319 Core 16GB GDDR6 (RX-68XTALFD9),"1 590,03 zł"
Karta graficzna Zotac Gaming GeForce RTX 4070 Ti Trinity OC 12GB GDDR6X (ZT-D40710J-10P),"1 590,03 zł"
Karta graficzna Zotac Gaming GeForce RTX 4070 Ti Trinity OC 12GB GDDR6X (ZT-D40710J-10P),"1 590,03 zł"
Karta graficzna Gigabyte GeForce RTX 4080 Aero OC 16GB GDDR6X (GV-N4080AERO OC-16GD),"1 590,03 zł"
Karta graficzna Gigabyte GeForce RTX 4080 Aero OC 16GB GDDR6X (GV-N4080AERO OC-16GD),"1 590,03 zł"
Karta graficzna Gigabyte Aorus GeForce RTX 4080 Master 16GB GDDR6X (GV-N4080AORUS M-16GD),"1 590,03 zł"
Karta graficzna Gigabyte Aorus GeForce RTX 4080 Master 16GB GDDR6X (GV-N4080AORUS M-16GD),"1 590,03 zł"
Karta graficzna Asus TUF Gaming GeForce RTX 4080 OC Edition 16GB GDDR6X (TUF-RTX4080-O16G-GAMING),"1 590,03 zł"
Karta graficzna Asus TUF Gaming GeForce RTX 4080 OC Edition 16GB GDDR6X (TUF-RTX4080-O16G-GAMING),"1 590,03 zł"
Karta graficzna Palit GeForce RTX 4090 GameRock OC 24GB GDDR6X (NED4090S19SB-1020G),"1 590,03 zł"
Karta graficzna Palit GeForce RTX 4090 GameRock OC 24GB GDDR6X (NED4090S19SB-1020G),"1 590,03 zł"
Karta graficzna Zotac Gaming GeForce RTX 4090 AMP Extreme AIRO 24GB GDDR6X (ZT-D40900B-10P),"1 590,03 zł"
Karta graficzna Zotac Gaming GeForce RTX 4090 AMP Extreme AIRO 24GB GDDR6X (ZT-D40900B-10P),"1 590,03 zł"
Karta graficzna Sapphire Pulse Radeon RX 7900 XT 20GB GDDR6 (11323-02-20G),"1 590,03 zł"
Karta graficzna Sapphire Pulse Radeon RX 7900 XT 20GB GDDR6 (11323-02-20G),"1 590,03 zł"
Karta graficzna Gigabyte Aorus GeForce RTX 4070 Ti Elite 12GB GDDR6X (GV-N407TAORUS E-12GD),"1 590,03 zł"
Karta graficzna Gigabyte Aorus GeForce RTX 4070 Ti Elite 12GB GDDR6X (GV-N407TAORUS E-12GD),"1 590,03 zł"
Karta graficzna PNY GeForce RTX 4070 Ti XLR8 Gaming Verto Epic-X RGB OC 12GB GDDR6X (VCG4070T12TFXXPB1-O),"1 590,03 zł"
Karta graficzna PNY GeForce RTX 4070 Ti XLR8 Gaming Verto Epic-X RGB OC 12GB GDDR6X (VCG4070T12TFXXPB1-O),"1 590,03 zł"
Karta graficzna Asus Dual Radeon RX 6750 XT OC 12GB GDDR6 (DUAL-RX6750XT-O12G),"1 590,03 zł"
Karta graficzna Asus Dual Radeon RX 6750 XT OC 12GB GDDR6 (DUAL-RX6750XT-O12G),"1 590,03 zł"
Karta graficzna MSI Radeon RX 6400 Aero ITX 4GB GDDR6 (RX 6400 AERO ITX 4G),"1 590,03 zł"
Karta graficzna MSI Radeon RX 6400 Aero ITX 4GB GDDR6 (RX 6400 AERO ITX 4G),"1 590,03 zł"
Karta graficzna Asus TUF Gaming Radeon RX 6500 XT OC 4GB GDDR6 (TUF-RX6500XT-O4G-GAMING),"1 590,03 zł"
Karta graficzna Asus TUF Gaming Radeon RX 6500 XT OC 4GB GDDR6 (TUF-RX6500XT-O4G-GAMING),"1 590,03 zł"
Karta graficzna ASRock Intel Arc A380 Challenger ITX OC 6GB GDDR6 (90-GA3KZZ-00UANF),"1 590,03 zł"
Karta graficzna ASRock Intel Arc A380 Challenger ITX OC 6GB GDDR6 (90-GA3KZZ-00UANF),"1 590,03 zł"
Karta graficzna Intel Arc A750 Limited Edition 8GB GDDR6 (21P02J00BA),"1 590,03 zł"
Karta graficzna Intel Arc A750 Limited Edition 8GB GDDR6 (21P02J00BA),"1 590,03 zł"
Karta graficzna Gigabyte GeForce RTX 3060 Windforce OC LHR 12GB GDDR6 (GV-N3060WF2OC-12GD),"1 590,03 zł"
Karta graficzna Gigabyte GeForce RTX 3060 Windforce OC LHR 12GB GDDR6 (GV-N3060WF2OC-12GD),"1 590,03 zł"
Karta graficzna MSI Radeon RX 6650 XT Mech 2X OC 8GB GDDR6 (RX 6650 XT MECH 2X 8G O),"1 590,03 zł"
Karta graficzna MSI Radeon RX 6650 XT Mech 2X OC 8GB GDDR6 (RX 6650 XT MECH 2X 8G O),"1 590,03 zł"
Karta graficzna AFOX Radeon RX 570 8GB GDDR5 (AFRX570-8192D5H3-V2),"1 590,03 zł"
Karta graficzna AFOX Radeon RX 570 8GB GDDR5 (AFRX570-8192D5H3-V2),"1 590,03 zł"
Karta graficzna Zotac GeForce RTX 3070 Ti Trinity 8GB GDDR6X (ZT-A30710D-10P),"1 590,03 zł"
Karta graficzna Zotac GeForce RTX 3070 Ti Trinity 8GB GDDR6X (ZT-A30710D-10P),"1 590,03 zł"
Karta graficzna Gigabyte GeForce RTX 4070 Aero OC 12GB GDDR6X (GV-N4070AERO OC-12GD),"1 590,03 zł"
Karta graficzna Gigabyte GeForce RTX 4070 Aero OC 12GB GDDR6X (GV-N4070AERO OC-12GD),"1 590,03 zł"
Karta graficzna Asus TUF Gaming GeForce RTX 4070 OC 12GB GDDR6X (TUF-RTX4070-O12G-GAMING),"1 590,03 zł"
Karta graficzna Asus TUF Gaming GeForce RTX 4070 OC 12GB GDDR6X (TUF-RTX4070-O12G-GAMING),"1 590,03 zł"
Karta graficzna Power Color Radeon RX 7900 XT 20GB GDDR6,"1 590,03 zł"
Karta graficzna Power Color Radeon RX 7900 XT 20GB GDDR6,"1 590,03 zł"
Karta graficzna Gigabyte Radeon RX 7900 XT Gaming OC 20GB GDDR6 (GV-R79XTGAMING OC-20GD),"1 590,03 zł"
Karta graficzna Gigabyte Radeon RX 7900 XT Gaming OC 20GB GDDR6 (GV-R79XTGAMING OC-20GD),"1 590,03 zł"
Karta graficzna Manli GeForce RTX 3070 Gallardo 8GB GDDR6 (M2502+N617-00),"1 590,03 zł"
Karta graficzna Manli GeForce RTX 3070 Gallardo 8GB GDDR6 (M2502+N617-00),"1 590,03 zł"
Karta graficzna Zotac Gaming GeForce RTX 4070 Ti AMP Extreme AIRO 12GB GDDR6X (ZT-D40710B-10P),"4 954,03 zł"
Karta graficzna Zotac Gaming GeForce RTX 4070 Ti AMP Extreme AIRO 12GB GDDR6X (ZT-D40710B-10P),"4 954,03 zł"
Karta graficzna Gigabyte Radeon RX 7900 XTX Gaming OC 24GB GDDR6 (GV-R79XTXGAMING OC-24GD),"4 954,03 zł"
Karta graficzna Gigabyte Radeon RX 7900 XTX Gaming OC 24GB GDDR6 (GV-R79XTXGAMING OC-24GD),"4 954,03 zł"
Karta graficzna Palit GeForce RTX 4080 GamingPro	16GB GDDR6X (NED4080019T2-1032A),"4 954,03 zł"
Karta graficzna Palit GeForce RTX 4080 GamingPro	16GB GDDR6X (NED4080019T2-1032A),"4 954,03 zł"
Karta graficzna Palit GeForce RTX 4080 GameRock 16GB GDDR6X (NED4080019T2-1030G),"4 954,03 zł"
Karta graficzna Palit GeForce RTX 4080 GameRock 16GB GDDR6X (NED4080019T2-1030G),"4 954,03 zł"
Karta graficzna MSI GeForce RTX 4080 Ventus 3X OC 16GB GDDR6X (RTX 4080 16GB VENTUS),"4 954,03 zł"
Karta graficzna MSI GeForce RTX 4080 Ventus 3X OC 16GB GDDR6X (RTX 4080 16GB VENTUS),"4 954,03 zł"
Karta graficzna Manli GeForce RTX 3080 Gallardo 10GB GDDR6X (M3481+N613-00),"4 954,03 zł"
Karta graficzna Manli GeForce RTX 3080 Gallardo 10GB GDDR6X (M3481+N613-00),"4 954,03 zł"
Karta graficzna Asus ROG Strix GeForce RTX 4080 16GB GDDR6X (ROG-STRIX-RTX4080-16G-GAMING),"4 954,03 zł"
Karta graficzna Asus ROG Strix GeForce RTX 4080 16GB GDDR6X (ROG-STRIX-RTX4080-16G-GAMING),"4 954,03 zł"
Karta graficzna Asus TUF Gaming GeForce RTX 4090 24GB GDDR6X (TUF-RTX4090-24G-GAMING),"4 954,03 zł"
Karta graficzna Asus TUF Gaming GeForce RTX 4090 24GB GDDR6X (TUF-RTX4090-24G-GAMING),"4 954,03 zł"
Karta graficzna Palit GeForce RTX 4070 JetStream 12GB GDDR6X (NED4070019K9-1047J),"4 954,03 zł"
Karta graficzna Palit GeForce RTX 4070 JetStream 12GB GDDR6X (NED4070019K9-1047J),"4 954,03 zł"
Karta graficzna Zotac GeForce RTX 3060 Ti Twin Edge White Edition 8GB GDDR6X (ZT-A30620J-10P),"4 954,03 zł"
Karta graficzna Zotac GeForce RTX 3060 Ti Twin Edge White Edition 8GB GDDR6X (ZT-A30620J-10P),"4 954,03 zł"
Karta graficzna AFOX Radeon R9 370 4GB GDDR5 (AFR9370-4096D5H9),"4 954,03 zł"
Karta graficzna AFOX Radeon R9 370 4GB GDDR5 (AFR9370-4096D5H9),"4 954,03 zł"
Karta graficzna Asus Dual Radeon RX 6400 4GB GDDR6 (DUAL-RX6400-4G),"4 954,03 zł"
Karta graficzna Asus Dual Radeon RX 6400 4GB GDDR6 (DUAL-RX6400-4G),"4 954,03 zł"
Karta graficzna Asus Dual Radeon RX 560 4GB GDDR5 (DUAL-RX560-4G),"4 954,03 zł"
Karta graficzna Asus Dual Radeon RX 560 4GB GDDR5 (DUAL-RX560-4G),"4 954,03 zł"
Karta graficzna Asus Dual GeForce GTX 1650 V2 OC 4GB GDDR6 (DUAL-GTX1650-O4GD6-P-V2),"4 954,03 zł"
Karta graficzna Asus Dual GeForce GTX 1650 V2 OC 4GB GDDR6 (DUAL-GTX1650-O4GD6-P-V2),"4 954,03 zł"
Karta graficzna Gigabyte GeForce GTX 1630 OC Low Profile 4GB GDDR6 (GV-N1630OC-4GL),"4 954,03 zł"
Karta graficzna Gigabyte GeForce GTX 1630 OC Low Profile 4GB GDDR6 (GV-N1630OC-4GL),"4 954,03 zł"
Karta graficzna Power Color Radeon RX 6500 XT Fighter OC 4GB GDDR6 (AXRX 6500XT 4GBD6-DH/OC),"4 954,03 zł"
Karta graficzna Power Color Radeon RX 6500 XT Fighter OC 4GB GDDR6 (AXRX 6500XT 4GBD6-DH/OC),"4 954,03 zł"
Karta graficzna Palit GeForce RTX 3050 StormX 8GB GDDR6 (NE63050018P1-1070F),"4 954,03 zł"
Karta graficzna Palit GeForce RTX 3050 StormX 8GB GDDR6 (NE63050018P1-1070F),"4 954,03 zł"
Karta graficzna Gainward GeForce RTX 3050 Pegasus 8GB GDDR6 (471056224-3734),"4 954,03 zł"
Karta graficzna Gainward GeForce RTX 3050 Pegasus 8GB GDDR6 (471056224-3734),"4 954,03 zł"
Karta graficzna Palit GeForce RTX 3050 Dual 8GB GDDR6 (NE63050018P1-1070D),"4 954,03 zł"
Karta graficzna Palit GeForce RTX 3050 Dual 8GB GDDR6 (NE63050018P1-1070D),"4 954,03 zł"
Karta graficzna Gigabyte GeForce RTX 3060 Gaming OC 8GB GDDR6 (GV-N3060GAMING OC-8GD),"4 954,03 zł"
Karta graficzna Gigabyte GeForce RTX 3060 Gaming OC 8GB GDDR6 (GV-N3060GAMING OC-8GD),"4 954,03 zł"
Karta graficzna Asus Dual GeForce RTX 3060 OC 8GB GDDR6 (DUAL-RTX3060-O8G),"4 954,03 zł"
Karta graficzna Asus Dual GeForce RTX 3060 OC 8GB GDDR6 (DUAL-RTX3060-O8G),"4 954,03 zł"
Karta graficzna Palit GeForce RTX 3060 StormX 8GB GDDR6 (NE63060019P1-190AF),"4 954,03 zł"
Karta graficzna Palit GeForce RTX 3060 StormX 8GB GDDR6 (NE63060019P1-190AF),"4 954,03 zł"
Karta graficzna Sapphire  Pulse Radeon RX 6700 XT 12GB GDDR6 (11306-09-20G),"4 954,03 zł"
Karta graficzna Sapphire  Pulse Radeon RX 6700 XT 12GB GDDR6 (11306-09-20G),"4 954,03 zł"
Karta graficzna MSI GeForce RTX 3060 Ti Ventus 3X OC 8GB GDDR6X,"4 954,03 zł"
Karta graficzna MSI GeForce RTX 3060 Ti Ventus 3X OC 8GB GDDR6X,"4 954,03 zł"
Karta graficzna Gainward GeForce RTX 3070 Phantom+ 8GB GDDR6 (471056224-2928),"4 954,03 zł"
Karta graficzna Gainward GeForce RTX 3070 Phantom+ 8GB GDDR6 (471056224-2928),"4 954,03 zł"
Karta graficzna Palit GeForce RTX 4070 Dual 12GB GDDR6X (NED4070019K9-1047D),"4 954,03 zł"
Karta graficzna Palit GeForce RTX 4070 Dual 12GB GDDR6X (NED4070019K9-1047D),"4 954,03 zł"
Karta graficzna Palit GeForce RTX 4070 Dual OC 12GB GDDR6X (NED4070S19K9-1047D),"4 954,03 zł"
Karta graficzna Palit GeForce RTX 4070 Dual OC 12GB GDDR6X (NED4070S19K9-1047D),"4 954,03 zł"
Karta graficzna PNY GeForce RTX 3060 XLR8 Single Fan 12GB GDDR6 (VCG306012SFXPPB),"4 954,03 zł"
Karta graficzna PNY GeForce RTX 3060 XLR8 Single Fan 12GB GDDR6 (VCG306012SFXPPB),"4 954,03 zł"
Karta graficzna Asus Dual GeForce RTX 4070 12GB GDDR6X (DUAL-RTX4070-12G),"4 954,03 zł"
Karta graficzna Asus Dual GeForce RTX 4070 12GB GDDR6X (DUAL-RTX4070-12G),"4 954,03 zł"
Karta graficzna MSI GeForce RTX 4070 Ventus 3X 12GB GDDR6X,"4 954,03 zł"
Karta graficzna MSI GeForce RTX 4070 Ventus 3X 12GB GDDR6X,"4 954,03 zł"
Karta graficzna Gigabyte GeForce RTX 4070 Eagle OC 12GB GDDR6X (GV-N4070EAGLE OC-12GD),3 299 zł
Karta graficzna Gigabyte GeForce RTX 4070 Eagle OC 12GB GDDR6X (GV-N4070EAGLE OC-12GD),3 299 zł
Karta graficzna Gigabyte GeForce RTX 4070 Gaming OC 12GB GDDR6X (GV-N4070GAMING OC-12GD),3 299 zł
Karta graficzna Gigabyte GeForce RTX 4070 Gaming OC 12GB GDDR6X (GV-N4070GAMING OC-12GD),3 299 zł
Karta graficzna MSI GeForce RTX 4070 Gaming X Trio 12GB GDDR6X,3 299 zł
Karta graficzna MSI GeForce RTX 4070 Gaming X Trio 12GB GDDR6X,3 299 zł
Karta graficzna Palit GeForce RTX 4070 GamingPro 12GB GDDR6X (NED4070019K9-1043A),3 299 zł
Karta graficzna Palit GeForce RTX 4070 GamingPro 12GB GDDR6X (NED4070019K9-1043A),3 299 zł
Karta graficzna Asus TUF Gaming GeForce RTX 3070 Ti V2 OC 8GB GDDR6X (TUF-RTX3070TI-O8G-V2-GAMING),3 299 zł
Karta graficzna Asus TUF Gaming GeForce RTX 3070 Ti V2 OC 8GB GDDR6X (TUF-RTX3070TI-O8G-V2-GAMING),3 299 zł
Karta graficzna Palit GeForce RTX 4070 GamingPro OC 12GB GDDR6X (NED4070H19K9-1043A),3 299 zł
Karta graficzna Palit GeForce RTX 4070 GamingPro OC 12GB GDDR6X (NED4070H19K9-1043A),3 299 zł
Karta graficzna Zotac Gaming GeForce RTX 4070 Ti Trinity 12GB GDDR6X (ZT-D40710D-10P),3 299 zł
Karta graficzna Zotac Gaming GeForce RTX 4070 Ti Trinity 12GB GDDR6X (ZT-D40710D-10P),3 299 zł
Karta graficzna Palit GeForce RTX 4070 Ti GamingPro OC 12GB GDDR6X (NED407TT19K9-1043A),3 299 zł
Karta graficzna Palit GeForce RTX 4070 Ti GamingPro OC 12GB GDDR6X (NED407TT19K9-1043A),3 299 zł
Karta graficzna Gigabyte GeForce RTX 4070 Ti Eagle 12GB GDDR6X (GV-N407TEAGLE-12GD),3 299 zł
Karta graficzna Gigabyte GeForce RTX 4070 Ti Eagle 12GB GDDR6X (GV-N407TEAGLE-12GD),3 299 zł
Karta graficzna Palit GeForce RTX 4070 Ti GameRock OC 12GB GDDR6X (NED407TU19K9-1045G),3 299 zł
Karta graficzna Palit GeForce RTX 4070 Ti GameRock OC 12GB GDDR6X (NED407TU19K9-1045G),3 299 zł
Karta graficzna XFX Radeon RX 7900 XT 20GB GDDR6 (RX-79TMBABF9),3 299 zł
Karta graficzna XFX Radeon RX 7900 XT 20GB GDDR6 (RX-79TMBABF9),3 299 zł
Karta graficzna MSI Radeon RX 7900 XT Gaming Trio Classic 20GB GDDR6,3 299 zł
Karta graficzna MSI Radeon RX 7900 XT Gaming Trio Classic 20GB GDDR6,3 299 zł
Karta graficzna Asus TUF Gaming Radeon RX 7900 XT OC 20GB GDDR6 (TUF-RX7900XT-O20G-GAMING),3 299 zł
Karta graficzna Asus TUF Gaming Radeon RX 7900 XT OC 20GB GDDR6 (TUF-RX7900XT-O20G-GAMING),3 299 zł
Karta graficzna XFX Radeon RX 7900 XT Speedster MERC 310 Black Edition 20GB GDDR6 (RX-79TMERCB9),3 299 zł
Karta graficzna XFX Radeon RX 7900 XT Speedster MERC 310 Black Edition 20GB GDDR6 (RX-79TMERCB9),3 299 zł
Karta graficzna Palit GeForce RTX 4080 JetStream 16GB GDDR6X (NED4080019T2-1032J),3 299 zł
Karta graficzna Palit GeForce RTX 4080 JetStream 16GB GDDR6X (NED4080019T2-1032J),3 299 zł
Karta graficzna Asus TUF Gaming Radeon RX 7900 XTX OC 24GB GDDR6 (TUF-RX7900XTX-O24G-GAMING),3 299 zł
Karta graficzna Asus TUF Gaming Radeon RX 7900 XTX OC 24GB GDDR6 (TUF-RX7900XTX-O24G-GAMING),3 299 zł
Karta graficzna Gainward GeForce RTX 4080 Phoenix 16GB GDDR6X (471056224-3697),3 299 zł
Karta graficzna Gainward GeForce RTX 4080 Phoenix 16GB GDDR6X (471056224-3697),3 299 zł
Karta graficzna Inno3D GeForce RTX 4080 iCHILL X3 16GB GDDR6X (C40803-166XX-187049H),3 299 zł
Karta graficzna Inno3D GeForce RTX 4080 iCHILL X3 16GB GDDR6X (C40803-166XX-187049H),3 299 zł
Karta graficzna Asus TUF Gaming GeForce RTX 4080 16GB GDDR6X (TUF-RTX4080-16G-GAMING),3 299 zł
Karta graficzna Asus TUF Gaming GeForce RTX 4080 16GB GDDR6X (TUF-RTX4080-16G-GAMING),3 299 zł
Karta graficzna Asus ROG Strix GeForce RTX 4080 OC Edition 16GB GDDR6X (ROG-STRIX-RTX4080-O16G-GAMING),3 299 zł
Karta graficzna Asus ROG Strix GeForce RTX 4080 OC Edition 16GB GDDR6X (ROG-STRIX-RTX4080-O16G-GAMING),3 299 zł
Karta graficzna Zotac Gaming GeForce RTX 4090 Trinity OC 24GB GDDR6X (ZT-D40900J-10P),3 299 zł
Karta graficzna Zotac Gaming GeForce RTX 4090 Trinity OC 24GB GDDR6X (ZT-D40900J-10P),3 299 zł
Karta graficzna MSI GeForce RTX 4090 VENTUS 3X OC 24GB GDDR6X,3 299 zł
Karta graficzna MSI GeForce RTX 4090 VENTUS 3X OC 24GB GDDR6X,3 299 zł
Karta graficzna MSI GeForce RTX 4090 Gaming X Trio 24GB GDDR6X,3 299 zł
Karta graficzna MSI GeForce RTX 4090 Gaming X Trio 24GB GDDR6X,3 299 zł
Karta graficzna Gigabyte GeForce GTX 1660 OC 6GB GDDR5 (GV-N1660OC-6GD),3 299 zł
Karta graficzna Gigabyte GeForce GTX 1660 OC 6GB GDDR5 (GV-N1660OC-6GD),3 299 zł
Karta graficzna Gigabyte GeForce GTX 1660 SUPER OC 6GB GDDR6 (GV-N166SOC-6GD),3 299 zł
Karta graficzna Gigabyte GeForce GTX 1660 SUPER OC 6GB GDDR6 (GV-N166SOC-6GD),3 299 zł
Karta graficzna Gigabyte GeForce GT 1030 OC 2GB GDDR5 (GV-N1030OC-2GI),3 299 zł
Karta graficzna Gigabyte GeForce GT 1030 OC 2GB GDDR5 (GV-N1030OC-2GI),3 299 zł
Karta graficzna Gigabyte GeForce RTX 2060 6GB GDDR6 (GV-N2060D6-6GD 2.0),3 299 zł
Karta graficzna Gigabyte GeForce RTX 2060 6GB GDDR6 (GV-N2060D6-6GD 2.0),3 299 zł
Karta graficzna MSI GTX 1660 Ventus XS OC 6GB GDDR5,3 299 zł
Karta graficzna MSI GTX 1660 Ventus XS OC 6GB GDDR5,3 299 zł
Karta graficzna Palit GeForce GTX 1050 Ti Storm X 4GB GDDR5 (NE5105T018G1-1070F),3 299 zł
Karta graficzna Palit GeForce GTX 1050 Ti Storm X 4GB GDDR5 (NE5105T018G1-1070F),3 299 zł
Karta graficzna Asus GeForce GTX 1050 Ti Cerberus OC 4GB GDDR5 (CERBERUS-GTX1050TI-O4G),3 299 zł
Karta graficzna Asus GeForce GTX 1050 Ti Cerberus OC 4GB GDDR5 (CERBERUS-GTX1050TI-O4G),3 299 zł
Karta graficzna Asus ROG Strix Radeon RX 570 Gaming OC 8GB GDDR5 (ROG-STRIX-RX570-O8G-GAMING),"od 2 455,65 zł"
Karta graficzna Asus ROG Strix Radeon RX 570 Gaming OC 8GB GDDR5 (ROG-STRIX-RX570-O8G-GAMING),"od 2 455,65 zł"
Karta graficzna Gigabyte GeForce GT 1030 Low Profile 2GB GDDR5 (GV-N1030D5-2GL),"od 2 455,65 zł"
Karta graficzna Gigabyte GeForce GT 1030 Low Profile 2GB GDDR5 (GV-N1030D5-2GL),"od 2 455,65 zł"
Karta graficzna Asus Phoenix GeForce GTX 1050 Ti 4GB GDDR5 (PH-GTX1050TI-4G),"od 2 455,65 zł"
Karta graficzna Asus Phoenix GeForce GTX 1050 Ti 4GB GDDR5 (PH-GTX1050TI-4G),"od 2 455,65 zł"
Karta graficzna Palit GeForce GTX 1660 SUPER GamingPro 6GB GDDR6 (NE6166S018J9-1160A),"od 2 455,65 zł"
Karta graficzna Palit GeForce GTX 1660 SUPER GamingPro 6GB GDDR6 (NE6166S018J9-1160A),"od 2 455,65 zł"
Karta graficzna Sapphire Radeon RX 550 Pulse G5 4GB GDDR5 (11268-01-20G),"od 2 455,65 zł"
Karta graficzna Sapphire Radeon RX 550 Pulse G5 4GB GDDR5 (11268-01-20G),"od 2 455,65 zł"
Karta graficzna Gigabyte GeForce RTX 3060 Ti Gaming OC 8GB GDDR6 (GV-N306TGAMING OC-8GD 2.0),"od 2 455,65 zł"
Karta graficzna Gigabyte GeForce RTX 3060 Ti Gaming OC 8GB GDDR6 (GV-N306TGAMING OC-8GD 2.0),"od 2 455,65 zł"
Karta graficzna Asus TUF Gaming GeForce RTX 3060 Ti Gaming OC V2 8GB GDDR6 (TUF-RTX3060TI-O8G-V2-GAMING),"od 2 455,65 zł"
Karta graficzna Asus TUF Gaming GeForce RTX 3060 Ti Gaming OC V2 8GB GDDR6 (TUF-RTX3060TI-O8G-V2-GAMING),"od 2 455,65 zł"
Karta graficzna Gigabyte GeForce GT 710 2GB DDR3 (GV-N710D3-2GL),"od 2 455,65 zł"
Karta graficzna Gigabyte GeForce GT 710 2GB DDR3 (GV-N710D3-2GL),"od 2 455,65 zł"
Karta graficzna Gigabyte Aorus GeForce RTX 3060 Elite 12GB GDDR6 (GV-N3060AORUS E-12GD 2.0),"od 2 455,65 zł"
Karta graficzna Gigabyte Aorus GeForce RTX 3060 Elite 12GB GDDR6 (GV-N3060AORUS E-12GD 2.0),"od 2 455,65 zł"
Karta graficzna MSI GeForce RTX 3060 Gaming X 12GB GDDR6 (RTX 3060 GAMING X 12G),"od 2 455,65 zł"
Karta graficzna MSI GeForce RTX 3060 Gaming X 12GB GDDR6 (RTX 3060 GAMING X 12G),"od 2 455,65 zł"
Karta graficzna Gigabyte GeForce 1650 D6 OC 4GB GDDR6 (GV-N1656OC-4GD 2.0),"od 2 455,65 zł"
Karta graficzna Gigabyte GeForce 1650 D6 OC 4GB GDDR6 (GV-N1656OC-4GD 2.0),"od 2 455,65 zł"
Karta graficzna Asus Dual GeForce RTX 2060 OC Evo 6GB GDDR6 (DUAL-RTX2060-O6G-EVO),"od 2 455,65 zł"
Karta graficzna Asus Dual GeForce RTX 2060 OC Evo 6GB GDDR6 (DUAL-RTX2060-O6G-EVO),"od 2 455,65 zł"
Karta graficzna Gigabyte GeForce RTX 3060 Gaming OC 12G (GV-N3060GAMING OC-12GD),"od 2 455,65 zł"
Karta graficzna Gigabyte GeForce RTX 3060 Gaming OC 12G (GV-N3060GAMING OC-12GD),"od 2 455,65 zł"
Karta graficzna Inno3D GeForce RTX 3060 Twin X2 OC 12GB GDDR6 LHR (N30602-12D6X-11902120H),"od 2 455,65 zł"
Karta graficzna Inno3D GeForce RTX 3060 Twin X2 OC 12GB GDDR6 LHR (N30602-12D6X-11902120H),"od 2 455,65 zł"
Karta graficzna MSI GeForce GTX 1650 Ventus XS OC 4GB GDDR5 (GTX 1650 VENTUS XS 4G OC),"od 2 455,65 zł"
Karta graficzna MSI GeForce GTX 1650 Ventus XS OC 4GB GDDR5 (GTX 1650 VENTUS XS 4G OC),"od 2 455,65 zł"
Karta graficzna Gigabyte GeForce GTX 1650 D6 Windforce OC 2.0 4GB GDDR6 (GV-N1656WF2OC-4GD 2.0),"od 2 455,65 zł"
Karta graficzna Gigabyte GeForce GTX 1650 D6 Windforce OC 2.0 4GB GDDR6 (GV-N1656WF2OC-4GD 2.0),"od 2 455,65 zł"
Karta graficzna Gigabyte GeForce RTX 3050 Gaming OC 8GB GDDR6 (GV-N3050GAMING OC-8GD),"od 2 455,65 zł"
Karta graficzna Gigabyte GeForce RTX 3050 Gaming OC 8GB GDDR6 (GV-N3050GAMING OC-8GD),"od 2 455,65 zł"
Karta graficzna Gigabyte GeForce RTX 3050 Eagle OC 8GB GDDR6 (GV-N3050EAGLE OC-8GD),"od 2 455,65 zł"
Karta graficzna Gigabyte GeForce RTX 3050 Eagle OC 8GB GDDR6 (GV-N3050EAGLE OC-8GD),"od 2 455,65 zł"
Karta graficzna Asus TUF GeForce RTX 3080 Gaming OC 10GB GDDR6X (TUF-RTX3080-O10G-V2-GAMING),"od 2 455,65 zł"
Karta graficzna Asus TUF GeForce RTX 3080 Gaming OC 10GB GDDR6X (TUF-RTX3080-O10G-V2-GAMING),"od 2 455,65 zł"
Karta graficzna Asus TUF GeForce RTX 3060 Gaming OC 12GB GDDR6 (TUF-RTX3060-O12G-V2-GAMING),"od 2 455,65 zł"
Karta graficzna Asus TUF GeForce RTX 3060 Gaming OC 12GB GDDR6 (TUF-RTX3060-O12G-V2-GAMING),"od 2 455,65 zł"
Karta graficzna Gigabyte GeForce GT 710 2GB GDDR5 (GV-N710D5-2GL),"od 2 455,65 zł"
Karta graficzna Gigabyte GeForce GT 710 2GB GDDR5 (GV-N710D5-2GL),"od 2 455,65 zł"
Karta graficzna MSI GeForce RTX 3060 Ti Gaming X 8GB GDDR6 (RTX 3060 Ti GAMING X 8G LHR),"od 2 455,65 zł"
Karta graficzna MSI GeForce RTX 3060 Ti Gaming X 8GB GDDR6 (RTX 3060 Ti GAMING X 8G LHR),"od 2 455,65 zł"
Karta graficzna Gigabyte GeForce GT 710 2GB GDDR5 (GV-N710D5SL-2GL 1.0),"od 2 455,65 zł"
Karta graficzna Gigabyte GeForce GT 710 2GB GDDR5 (GV-N710D5SL-2GL 1.0),"od 2 455,65 zł"
Karta graficzna Power Color Radeon RX 6600 Hellhound 8GB GDDR6 (AXRX 6600 8GBD6-3DHL),"od 2 455,65 zł"
Karta graficzna Power Color Radeon RX 6600 Hellhound 8GB GDDR6 (AXRX 6600 8GBD6-3DHL),"od 2 455,65 zł"
Karta graficzna Asus TUF GeForce GTX 1650 SUPER Gaming OC 4GB GDDR6 (TUF-GTX1650S-O4G-GAMING),"od 2 455,65 zł"
Karta graficzna Asus TUF GeForce GTX 1650 SUPER Gaming OC 4GB GDDR6 (TUF-GTX1650S-O4G-GAMING),"od 2 455,65 zł"
Karta graficzna Gigabyte Aorus GeForce RTX 3060 Ti Elite 8GB GDDR6 (GV-N306TAORUS E-8GD 2.0),"od 2 455,65 zł"
Karta graficzna Gigabyte Aorus GeForce RTX 3060 Ti Elite 8GB GDDR6 (GV-N306TAORUS E-8GD 2.0),"od 2 455,65 zł"
Karta graficzna Sapphire Radeon RX 550 Pulse 2GB GDDR5 (11268-21-20G),"od 2 455,65 zł"
Karta graficzna Sapphire Radeon RX 550 Pulse 2GB GDDR5 (11268-21-20G),"od 2 455,65 zł"
Karta graficzna Asus TUF Gaming GeForce RTX 3070 Ti Gaming OC 8GB GDDR6X (TUF-RTX3070TI-O8G-GAMING),"od 2 455,65 zł"
Karta graficzna Asus TUF Gaming GeForce RTX 3070 Ti Gaming OC 8GB GDDR6X (TUF-RTX3070TI-O8G-GAMING),"od 2 455,65 zł"
Karta graficzna Asus GeForce GT 1030 Low Profile 2GB GDDR5 (GT1030-2G-BRK),"od 2 455,65 zł"
Karta graficzna Asus GeForce GT 1030 Low Profile 2GB GDDR5 (GT1030-2G-BRK),"od 2 455,65 zł"
Karta graficzna Palit GeForce RTX 3070 GamingPro 8GB GDDR6 (NE63070019P2-1041A),"od 2 455,65 zł"
Karta graficzna Palit GeForce RTX 3070 GamingPro 8GB GDDR6 (NE63070019P2-1041A),"od 2 455,65 zł"
Karta graficzna Palit GeForce GT 710 2GB DDR3 (NEAT7100HD46H),"223,12 zł"
Karta graficzna Palit GeForce GT 710 2GB DDR3 (NEAT7100HD46H),"223,12 zł"
Karta graficzna Sapphire Radeon RX 6700 Gaming OC 10GB GDDR6 (11321-03-20G),"223,12 zł"
Karta graficzna Sapphire Radeon RX 6700 Gaming OC 10GB GDDR6 (11321-03-20G),"223,12 zł"
Karta graficzna Asus Dual GeForce RTX 3060 Ti Gaming OC V2 8GB GDDR6 (DUAL-RTX3060TI-O8G-V2),"223,12 zł"
Karta graficzna Asus Dual GeForce RTX 3060 Ti Gaming OC V2 8GB GDDR6 (DUAL-RTX3060TI-O8G-V2),"223,12 zł"
Karta graficzna Gigabyte Radeon RX 6600 XT Gaming OC Pro 8GB GDDR6 (GV-R66XTGAMINGOC PRO-8GD),"223,12 zł"
Karta graficzna Gigabyte Radeon RX 6600 XT Gaming OC Pro 8GB GDDR6 (GV-R66XTGAMINGOC PRO-8GD),"223,12 zł"
Karta graficzna Asus GeForce GT 1030 2GB GDDR5 (GT1030-SL-2G-BRK),"223,12 zł"
Karta graficzna Asus GeForce GT 1030 2GB GDDR5 (GT1030-SL-2G-BRK),"223,12 zł"
Karta graficzna Gigabyte Radeon RX 5500 XT OC 8GB GDDR6 (GV-R55XTOC-8GD),"223,12 zł"
Karta graficzna Gigabyte Radeon RX 5500 XT OC 8GB GDDR6 (GV-R55XTOC-8GD),"223,12 zł"
Karta graficzna Asus Dual Radeon RX 6600 Gaming OC 8GB GDDR6 (DUAL-RX6600-8G),"223,12 zł"
Karta graficzna Asus Dual Radeon RX 6600 Gaming OC 8GB GDDR6 (DUAL-RX6600-8G),"223,12 zł"
Karta graficzna MSI GeForce RTX 3060 Ti Gaming Z Trio 8GB GDDR6 (RTX 3060 Ti GAMING Z TRIO 8G LHR),"223,12 zł"
Karta graficzna MSI GeForce RTX 3060 Ti Gaming Z Trio 8GB GDDR6 (RTX 3060 Ti GAMING Z TRIO 8G LHR),"223,12 zł"
Karta graficzna Gigabyte Aorus GeForce RTX 3080 Master 10GB GDDR6X (GV-N3080AORUS M-10GD 2.0),"223,12 zł"
Karta graficzna Gigabyte Aorus GeForce RTX 3080 Master 10GB GDDR6X (GV-N3080AORUS M-10GD 2.0),"223,12 zł"
Karta graficzna Gigabyte GeForce RTX 3080 Gaming OC 12GB GDDR6X (GV-N3080GAMING OC-12GD),"223,12 zł"
Karta graficzna Gigabyte GeForce RTX 3080 Gaming OC 12GB GDDR6X (GV-N3080GAMING OC-12GD),"223,12 zł"
Karta graficzna MSI GeForce GTX 1650 D6 Ventus XS OC 4GB GDDR6 (GTX 1650 D6 VENTUS XS OC),"223,12 zł"
Karta graficzna MSI GeForce GTX 1650 D6 Ventus XS OC 4GB GDDR6 (GTX 1650 D6 VENTUS XS OC),"223,12 zł"
Karta graficzna Gainward GeForce RTX 2060 SUPER Ghost 8GB GDDR6 (471056224-2577),"223,12 zł"
Karta graficzna Gainward GeForce RTX 2060 SUPER Ghost 8GB GDDR6 (471056224-2577),"223,12 zł"
Karta graficzna Gigabyte GeForce GTX 1650 D6 Windforce OC 4GB GDDR6 (GV-N1656WF2OC-4GD),"223,12 zł"
Karta graficzna Gigabyte GeForce GTX 1650 D6 Windforce OC 4GB GDDR6 (GV-N1656WF2OC-4GD),"223,12 zł"
Karta graficzna Asus ROG Strix GeForce RTX 3070 Ti Gaming OC 8GB GDDR6X (ROG-STRIX-RTX3070TI-O8G-GAMING),"223,12 zł"
Karta graficzna Asus ROG Strix GeForce RTX 3070 Ti Gaming OC 8GB GDDR6X (ROG-STRIX-RTX3070TI-O8G-GAMING),"223,12 zł"
Karta graficzna PNY GeForce GTX 1650 Dual Fan 4GB GDDR6 (VCG16504D6DFPPB),"223,12 zł"
Karta graficzna PNY GeForce GTX 1650 Dual Fan 4GB GDDR6 (VCG16504D6DFPPB),"223,12 zł"
Karta graficzna Asus GeForce GTX 1050 Ti Cerberus Advanced Edition 4GB GDDR5 (CERBERUS-GTX1050TI-A4G),"223,12 zł"
Karta graficzna Asus GeForce GTX 1050 Ti Cerberus Advanced Edition 4GB GDDR5 (CERBERUS-GTX1050TI-A4G),"223,12 zł"
Karta graficzna Zotac GeForce GTX 1650 D6 Gaming OC 4GB GDDR6 (ZT-T16520F-10L),"223,12 zł"
Karta graficzna Zotac GeForce GTX 1650 D6 Gaming OC 4GB GDDR6 (ZT-T16520F-10L),"223,12 zł"
Karta graficzna MSI GeForce RTX 3060 Gaming Z Trio 12GB GDDR6 (V390-245R),"223,12 zł"
Karta graficzna MSI GeForce RTX 3060 Gaming Z Trio 12GB GDDR6 (V390-245R),"223,12 zł"
Karta graficzna Zotac GeForce GT 730 Zone 4GB DDR3 (ZT-71115-20L),"223,12 zł"
Karta graficzna Zotac GeForce GT 730 Zone 4GB DDR3 (ZT-71115-20L),"223,12 zł"
Karta graficzna Asus Phoenix Radeon 550 2GB GDDR5 (PH-550-2G),"223,12 zł"
Karta graficzna Asus Phoenix Radeon 550 2GB GDDR5 (PH-550-2G),"223,12 zł"
Karta graficzna Gainward GeForce RTX 3060 Ghost OC 12GB GDDR6 (471056224-2478),"223,12 zł"
Karta graficzna Gainward GeForce RTX 3060 Ghost OC 12GB GDDR6 (471056224-2478),"223,12 zł"
Karta graficzna Zotac GeForce GT 1030 LP 2GB GDDR5 (ZT-P10300A-10L),"223,12 zł"
Karta graficzna Zotac GeForce GT 1030 LP 2GB GDDR5 (ZT-P10300A-10L),"223,12 zł"
Karta graficzna Gigabyte GeForce RTX 3060 Eagle 12GB GDDR6 (GV-N3060EAGLE-12GD),"223,12 zł"
Karta graficzna Gigabyte GeForce RTX 3060 Eagle 12GB GDDR6 (GV-N3060EAGLE-12GD),"223,12 zł"
Karta graficzna Asus GeForce GTX 1650 OC Low Profile 4GB GDDR5 (90YV0D30-M0NA00),"223,12 zł"
Karta graficzna Asus GeForce GTX 1650 OC Low Profile 4GB GDDR5 (90YV0D30-M0NA00),"223,12 zł"
Karta graficzna Palit GeForce RTX 3070 JetStream 8GB GDDR6 (NE63070019P2-1040J),"223,12 zł"
Karta graficzna Palit GeForce RTX 3070 JetStream 8GB GDDR6 (NE63070019P2-1040J),"223,12 zł"
Karta graficzna Gainward GeForce RTX 3070 Ti Phoenix 8GB GDDR6X (471056224-2713),"223,12 zł"
Karta graficzna Gainward GeForce RTX 3070 Ti Phoenix 8GB GDDR6X (471056224-2713),"223,12 zł"
Karta graficzna MSI GeForce GT 1030 AERO ITX 2GD4 OC 2GB DDR4 (GT 1030 AERO ITX 2GD4 OC),"223,12 zł"
Karta graficzna MSI GeForce GT 1030 AERO ITX 2GD4 OC 2GB DDR4 (GT 1030 AERO ITX 2GD4 OC),"223,12 zł"
Karta graficzna MSI GeForce RTX 3050 Ventus 2X 8GB GDDR6 (RTX 3050 VENTUS 2X 8G),"223,12 zł"
Karta graficzna MSI GeForce RTX 3050 Ventus 2X 8GB GDDR6 (RTX 3050 VENTUS 2X 8G),"223,12 zł"
Karta graficzna Asus Dual Radeon RX 6700 XT 12GB GDDR6 (DUAL-RX6700XT-12G),"223,12 zł"
Karta graficzna Asus Dual Radeon RX 6700 XT 12GB GDDR6 (DUAL-RX6700XT-12G),"223,12 zł"
Karta graficzna Power Color Radeon RX 6600 XT Fighter 8GB GDDR6 (AXRX 6600XT 8GBD6-3DH),"223,12 zł"
Karta graficzna Power Color Radeon RX 6600 XT Fighter 8GB GDDR6 (AXRX 6600XT 8GBD6-3DH),"223,12 zł"
Karta graficzna Sapphire Pulse Radeon RX 6800 Gaming OC 16GB GDDR6 (11305-02-20G),"2 478,78 zł"
Karta graficzna Sapphire Pulse Radeon RX 6800 Gaming OC 16GB GDDR6 (11305-02-20G),"2 478,78 zł"
Karta graficzna Gigabyte Radeon RX 6600 XT Gaming OC 8GB GDDR6 (GV-R66XTGAMING OC-8GD),"2 478,78 zł"
Karta graficzna Gigabyte Radeon RX 6600 XT Gaming OC 8GB GDDR6 (GV-R66XTGAMING OC-8GD),"2 478,78 zł"
Karta graficzna Gigabyte GeForce GT 1030 Low Profile D4 2GB DDR4 (GV-N1030D4-2GL),"2 478,78 zł"
Karta graficzna Gigabyte GeForce GT 1030 Low Profile D4 2GB DDR4 (GV-N1030D4-2GL),"2 478,78 zł"
Karta graficzna Asus ROG Strix Radeon RX 5700 XT Gaming OC 8GB GDDR6 (ROG-STRIX-RX5700XT-O8G-GAMING),"2 478,78 zł"
Karta graficzna Asus ROG Strix Radeon RX 5700 XT Gaming OC 8GB GDDR6 (ROG-STRIX-RX5700XT-O8G-GAMING),"2 478,78 zł"
Karta graficzna MSI GeForce RTX 3060 Ventus X3 OC 12GB GDDR6 (RTX 3060 VENTUS 3X 12G OC),"2 478,78 zł"
Karta graficzna MSI GeForce RTX 3060 Ventus X3 OC 12GB GDDR6 (RTX 3060 VENTUS 3X 12G OC),"2 478,78 zł"
Karta graficzna Gigabyte GeForce 1650 D6 OC 4GB GDDR6 (GV-N1656OC-4GD),"2 478,78 zł"
Karta graficzna Gigabyte GeForce 1650 D6 OC 4GB GDDR6 (GV-N1656OC-4GD),"2 478,78 zł"
Karta graficzna KFA2 GeForce GTX 1660 SUPER 1-Click OC 6GB GDDR6 (60SRL7DSY91K),"2 478,78 zł"
Karta graficzna KFA2 GeForce GTX 1660 SUPER 1-Click OC 6GB GDDR6 (60SRL7DSY91K),"2 478,78 zł"
Karta graficzna MSI GeForce RTX 3080 Gaming Z Trio 10GB GDDR6 (RTX 3080 GAMING Z TRIO 10G LHR),"2 478,78 zł"
Karta graficzna MSI GeForce RTX 3080 Gaming Z Trio 10GB GDDR6 (RTX 3080 GAMING Z TRIO 10G LHR),"2 478,78 zł"
Karta graficzna AFOX Geforce GT 210 1GB DDR2 (AF210-1024D2LG2),"2 478,78 zł"
Karta graficzna AFOX Geforce GT 210 1GB DDR2 (AF210-1024D2LG2),"2 478,78 zł"
Karta graficzna Inno3D GeForce RTX 3060 Twin X2 12GB GDDR6 (N30602-12D6-119032AH),"2 478,78 zł"
Karta graficzna Inno3D GeForce RTX 3060 Twin X2 12GB GDDR6 (N30602-12D6-119032AH),"2 478,78 zł"
Karta graficzna PNY Quadro P2000 5GB GDDR5 (VCQP2000-PB),"2 478,78 zł"
Karta graficzna PNY Quadro P2000 5GB GDDR5 (VCQP2000-PB),"2 478,78 zł"
Karta graficzna MSI GeForce RTX 3070 Ti Ventus 3X 8GB GDDR6 (RTX 3070Ti VENTUS 3X),"2 478,78 zł"
Karta graficzna MSI GeForce RTX 3070 Ti Ventus 3X 8GB GDDR6 (RTX 3070Ti VENTUS 3X),"2 478,78 zł"
Karta graficzna MSI Radeon RX 5700 XT Evoke OC 8GB GDDR6 (RX 5700 XT EVOKE OC),"2 478,78 zł"
Karta graficzna MSI Radeon RX 5700 XT Evoke OC 8GB GDDR6 (RX 5700 XT EVOKE OC),"2 478,78 zł"
Karta graficzna MSI Radeon RX 6600 Mech 2X 8GB GDDR6 (RX 6600 MECH 2X 8G),"2 478,78 zł"
Karta graficzna MSI Radeon RX 6600 Mech 2X 8GB GDDR6 (RX 6600 MECH 2X 8G),"2 478,78 zł"
Karta graficzna ASRock Radeon RX 6600 XT Challenger D OC 8GB GDDR6 (RX6600XT CLD 8GO),"2 478,78 zł"
Karta graficzna ASRock Radeon RX 6600 XT Challenger D OC 8GB GDDR6 (RX6600XT CLD 8GO),"2 478,78 zł"
Karta graficzna MSI GeForce RTX 3060 Ti Ventus 3X OC 8GB GDDR6 (RTX 3060 Ti VENTUS 3X OC LHR),"2 478,78 zł"
Karta graficzna MSI GeForce RTX 3060 Ti Ventus 3X OC 8GB GDDR6 (RTX 3060 Ti VENTUS 3X OC LHR),"2 478,78 zł"
Karta graficzna Gigabyte Aorus GeForce RTX 3080 Ti Master 12GB GDDR6X (GV-N308TAORUS M-12GD),"2 478,78 zł"
Karta graficzna Gigabyte Aorus GeForce RTX 3080 Ti Master 12GB GDDR6X (GV-N308TAORUS M-12GD),"2 478,78 zł"
Karta graficzna Gainward GeForce GT 710 SilentFX 2GB DDR3 (426018336-3576),"2 478,78 zł"
Karta graficzna Gainward GeForce GT 710 SilentFX 2GB DDR3 (426018336-3576),"2 478,78 zł"
Karta graficzna Asus TUF GeForce GTX 1650 D6 Gaming OC 4GB GDDR6 (TUF-GTX1650-O4GD6-GAMING),"2 478,78 zł"
Karta graficzna Asus TUF GeForce GTX 1650 D6 Gaming OC 4GB GDDR6 (TUF-GTX1650-O4GD6-GAMING),"2 478,78 zł"
Karta graficzna Asus Phoenix GeForce RTX 3060 12GB GDDR6 (PH-RTX3060-12G-V2),"2 478,78 zł"
Karta graficzna Asus Phoenix GeForce RTX 3060 12GB GDDR6 (PH-RTX3060-12G-V2),"2 478,78 zł"
Karta graficzna Gainward GeForce RTX 3070 Phoenix 8GB GDDR6 (471056224-1990),"2 478,78 zł"
Karta graficzna Gainward GeForce RTX 3070 Phoenix 8GB GDDR6 (471056224-1990),"2 478,78 zł"
Karta graficzna Inno3D GeForce RTX 3070 Ti iChill X4 8GB GDDR6X (C307T4-086XX-1820VA35),"2 478,78 zł"
Karta graficzna Inno3D GeForce RTX 3070 Ti iChill X4 8GB GDDR6X (C307T4-086XX-1820VA35),"2 478,78 zł"
Karta graficzna MSI GeForce RTX 3070 Suprim X 8GB GDDR6 (RTX 3070 SUPRIM X 8G LHR),"2 478,78 zł"
Karta graficzna MSI GeForce RTX 3070 Suprim X 8GB GDDR6 (RTX 3070 SUPRIM X 8G LHR),"2 478,78 zł"
Karta graficzna Asus TUF GeForce GTX 1650 P Gaming 4GB GDDR6 (TUF-GTX1650-4GD6-P-GAMING),"2 478,78 zł"
Karta graficzna Asus TUF GeForce GTX 1650 P Gaming 4GB GDDR6 (TUF-GTX1650-4GD6-P-GAMING),"2 478,78 zł"
Karta graficzna Inno3D GeForce RTX 3070 iChill X4 8GB GDDR6 LHR (C30704-08D6X-1710VA35H),"2 478,78 zł"
Karta graficzna Inno3D GeForce RTX 3070 iChill X4 8GB GDDR6 LHR (C30704-08D6X-1710VA35H),"2 478,78 zł"
Karta graficzna Gigabyte Aorus Radeon RX 6700 XT Elite 12GB GDDR6 (GV-R67XTAORUS E-12GD),"2 478,78 zł"
Karta graficzna Gigabyte Aorus Radeon RX 6700 XT Elite 12GB GDDR6 (GV-R67XTAORUS E-12GD),"2 478,78 zł"
Karta graficzna MSI GeForce GT 1030 2GHD4 LP OC 2GB DDR4 (GT 1030 2GHD4 LP OC),"2 478,78 zł"
Karta graficzna MSI GeForce GT 1030 2GHD4 LP OC 2GB DDR4 (GT 1030 2GHD4 LP OC),"2 478,78 zł"
Karta graficzna MSI GeForce RTX 4070 Ti Gaming X Trio 12GB GDDR6X,"2 478,78 zł"
Karta graficzna MSI GeForce RTX 4070 Ti Gaming X Trio 12GB GDDR6X,"2 478,78 zł"
Karta graficzna Gigabyte GeForce GT 730 2GB DDR3 (GV-N730D3-2GI),"2 478,78 zł"
Karta graficzna Gigabyte GeForce GT 730 2GB DDR3 (GV-N730D3-2GI),"2 478,78 zł"
Karta graficzna Asus Phoenix GeForce GTX 1650 OC 4GB GDDR5 (PH-GTX1650-O4G),"2 478,78 zł"
Karta graficzna Asus Phoenix GeForce GTX 1650 OC 4GB GDDR5 (PH-GTX1650-O4G),"2 478,78 zł"
Karta graficzna MSI GeForce GTX 1650 4GT LP OC 4GB GDDR5 (GTX 1650 4GT LP OC),"1 269,99 zł"
Karta graficzna MSI GeForce GTX 1650 4GT LP OC 4GB GDDR5 (GTX 1650 4GT LP OC),"1 269,99 zł"
Karta graficzna PNY GeForce GTX 1660Ti XLR8 Gaming 6GB GDDR6 (VCG1660T6DFPPB),"1 269,99 zł"
Karta graficzna PNY GeForce GTX 1660Ti XLR8 Gaming 6GB GDDR6 (VCG1660T6DFPPB),"1 269,99 zł"
Karta graficzna MSI GeForce RTX 3050 Gaming X 8GB GDDR6 (RTX 3050 GAMING X 8G),"1 269,99 zł"
Karta graficzna MSI GeForce RTX 3050 Gaming X 8GB GDDR6 (RTX 3050 GAMING X 8G),"1 269,99 zł"
Karta graficzna MSI GeForce RTX 3060 Ti Ventus 2X OC 8GB GDDR6X,"1 269,99 zł"
Karta graficzna MSI GeForce RTX 3060 Ti Ventus 2X OC 8GB GDDR6X,"1 269,99 zł"
Karta graficzna Gigabyte GeForce RTX 3060Ti Eagle 8GB GDDR6 (GV-N306TEAGLE-8GD 2.0),"1 269,99 zł"
Karta graficzna Gigabyte GeForce RTX 3060Ti Eagle 8GB GDDR6 (GV-N306TEAGLE-8GD 2.0),"1 269,99 zł"
Karta graficzna Asus TUF GeForce RTX 3090 Gaming OC 24GB GDDR6X (TUF-RTX3090-O24G-GAMING),"1 269,99 zł"
Karta graficzna Asus TUF GeForce RTX 3090 Gaming OC 24GB GDDR6X (TUF-RTX3090-O24G-GAMING),"1 269,99 zł"
Karta graficzna Gigabyte GeForce RTX 3090 Vision OC 24GB GDDR6X (GV-N3090VISION OC-24GD),"1 269,99 zł"
Karta graficzna Gigabyte GeForce RTX 3090 Vision OC 24GB GDDR6X (GV-N3090VISION OC-24GD),"1 269,99 zł"
Karta graficzna Zotac GeForce GT 730 Zone 2GB DDR3 (ZT-71113-20L),"1 269,99 zł"
Karta graficzna Zotac GeForce GT 730 Zone 2GB DDR3 (ZT-71113-20L),"1 269,99 zł"
Karta graficzna Gigabyte Radeon RX 6500 XT Gaming OC 4GB GDDR6 (GV-R65XTGAMING OC-4GD),"1 269,99 zł"
Karta graficzna Gigabyte Radeon RX 6500 XT Gaming OC 4GB GDDR6 (GV-R65XTGAMING OC-4GD),"1 269,99 zł"
Karta graficzna MSI GeForce RTX 3060 Ventus x2 12GB GDDR6 (RTX 3060 VENTUS 2X 12G),"1 269,99 zł"
Karta graficzna MSI GeForce RTX 3060 Ventus x2 12GB GDDR6 (RTX 3060 VENTUS 2X 12G),"1 269,99 zł"
Karta graficzna Zotac GeForce RTX 3090 Trinity 24GB GDDR6X (ZT-A30900D-10P),"1 269,99 zł"
Karta graficzna Zotac GeForce RTX 3090 Trinity 24GB GDDR6X (ZT-A30900D-10P),"1 269,99 zł"
Karta graficzna Biostar GeForce GT 210 1GB DDR3 (VN2103NHG6-TBARL-BS2),"1 269,99 zł"
Karta graficzna Biostar GeForce GT 210 1GB DDR3 (VN2103NHG6-TBARL-BS2),"1 269,99 zł"
Karta graficzna Biostar Radeon RX 550 4GB GDDR5 (VA5515RF41-TBH1A-BS2),"1 269,99 zł"
Karta graficzna Biostar Radeon RX 550 4GB GDDR5 (VA5515RF41-TBH1A-BS2),"1 269,99 zł"
Karta graficzna Asus Phoenix GeForce GTX 1650 D6 OC 4GB GDDR6 (PH-GTX1650-O4GD6),"1 269,99 zł"
Karta graficzna Asus Phoenix GeForce GTX 1650 D6 OC 4GB GDDR6 (PH-GTX1650-O4GD6),"1 269,99 zł"
Karta graficzna Asus Phoenix GeForce GTX 1650 SUPER OC 4GB GDDR6 (PH-GTX1650S-O4G),"1 269,99 zł"
Karta graficzna Asus Phoenix GeForce GTX 1650 SUPER OC 4GB GDDR6 (PH-GTX1650S-O4G),"1 269,99 zł"
Karta graficzna Gigabyte GeForce RTX 2060 Windforce OC 12GB GDDR6 (GV-N2060WF2OC-12GD),"1 269,99 zł"
Karta graficzna Gigabyte GeForce RTX 2060 Windforce OC 12GB GDDR6 (GV-N2060WF2OC-12GD),"1 269,99 zł"
Karta graficzna Asus TUF Gaming GeForce RTX 4070 Ti 12GB GDDR6X (TUF-RTX4070TI-12G-GAMING),"1 269,99 zł"
Karta graficzna Asus TUF Gaming GeForce RTX 4070 Ti 12GB GDDR6X (TUF-RTX4070TI-12G-GAMING),"1 269,99 zł"
Karta graficzna Asus TUF Gaming GeForce RTX 4070 Ti OC 12GB GDDR6X (TUF-RTX4070TI-O12G-GAMING),"1 269,99 zł"
Karta graficzna Asus TUF Gaming GeForce RTX 4070 Ti OC 12GB GDDR6X (TUF-RTX4070TI-O12G-GAMING),"1 269,99 zł"
Karta graficzna Gainward GeForce RTX 4080 Phantom 16GB GDDR6X (471056224-3505),"1 269,99 zł"
Karta graficzna Gainward GeForce RTX 4080 Phantom 16GB GDDR6X (471056224-3505),"1 269,99 zł"
Karta graficzna Biostar Radeon RX 550 4GB GDDR5 (VA5505RF41-SBHRA-BS2),"1 269,99 zł"
Karta graficzna Biostar Radeon RX 550 4GB GDDR5 (VA5505RF41-SBHRA-BS2),"1 269,99 zł"
Karta graficzna Asus Phoenix Radeon RX 550 Evo 2GB GDDR5 (PH-RX550-2G-EVO),"1 269,99 zł"
Karta graficzna Asus Phoenix Radeon RX 550 Evo 2GB GDDR5 (PH-RX550-2G-EVO),"1 269,99 zł"
Karta graficzna Inno3D GeForce RTX 3050 Twin X2 OC 8GB GDDR6 (N30502-08D6X-11902130),"1 269,99 zł"
Karta graficzna Inno3D GeForce RTX 3050 Twin X2 OC 8GB GDDR6 (N30502-08D6X-11902130),"1 269,99 zł"
Karta graficzna AMD Radeon Pro WX 5100 8GB GDDR5 (100-505940),"1 269,99 zł"
Karta graficzna AMD Radeon Pro WX 5100 8GB GDDR5 (100-505940),"1 269,99 zł"
Karta graficzna Gainward GeForce RTX 2060 SUPER Ghost 8GB GDDR6 (471056224-1198),"1 269,99 zł"
Karta graficzna Gainward GeForce RTX 2060 SUPER Ghost 8GB GDDR6 (471056224-1198),"1 269,99 zł"
Karta graficzna MSI GeForce RTX 4070 Ti Suprim X 12GB GDDR6X,"1 269,99 zł"
Karta graficzna MSI GeForce RTX 4070 Ti Suprim X 12GB GDDR6X,"1 269,99 zł"
Karta graficzna Inno3D GeForce RTX 3050 Twin X2 8GB GDDR6 (N30502-08D6-1190VA42),"1 269,99 zł"
Karta graficzna Inno3D GeForce RTX 3050 Twin X2 8GB GDDR6 (N30502-08D6-1190VA42),"1 269,99 zł"
Karta graficzna Gigabyte Radeon RX 6500 XT Eagle 4GB GDDR6 (GV-R65XTEAGLE-4GD),"1 269,99 zł"
Karta graficzna Gigabyte Radeon RX 6500 XT Eagle 4GB GDDR6 (GV-R65XTEAGLE-4GD),"1 269,99 zł"
Karta graficzna Gainward GeForce GTX 1660 SUPER Ghost 6GB GDDR6 (471056224-2652),"1 269,99 zł"
Karta graficzna Gainward GeForce GTX 1660 SUPER Ghost 6GB GDDR6 (471056224-2652),"1 269,99 zł"
Karta graficzna Gainward GeForce RTX 3060Ti Ghost OC 8GB GDDR6 (471056224-2294),"1 269,99 zł"
Karta graficzna Gainward GeForce RTX 3060Ti Ghost OC 8GB GDDR6 (471056224-2294),"1 269,99 zł"
Karta graficzna Gigabyte Radeon RX 5500 XT OC 4GB GDDR6 (GV-R55XTOC-4GD 2.0),"1 269,99 zł"
Karta graficzna Gigabyte Radeon RX 5500 XT OC 4GB GDDR6 (GV-R55XTOC-4GD 2.0),"1 269,99 zł"
